model_name,timestamp,epoch,train_loss,valid_loss,accuracy,lr
resnet18,2025-10-17T16:39:13.878636,1,5.655494689941406,9.914763450622559,0.030480656772851944,0.004
resnet18,2025-10-17T16:39:13.878659,2,5.011073589324951,4.493222713470459,0.08089097589254379,0.004053958249355684
resnet18,2025-10-17T16:39:13.878678,3,4.523954391479492,4.107470989227295,0.08440797030925751,0.004215711685228015
resnet18,2025-10-17T16:39:13.878690,4,3.7601091861724854,2.7980825901031494,0.27198123931884766,0.004484896643774199
resnet18,2025-10-17T16:39:13.878699,5,3.128657341003418,2.4390034675598145,0.37280187010765076,0.0048609079271143985
resnet18,2025-10-17T16:39:13.878709,6,2.654494047164917,2.4150006771087646,0.36107856035232544,0.0004
resnet18,2025-10-17T16:39:13.878716,7,2.6171326637268066,2.8086769580841064,0.2614302337169647,0.00040134914583748495
resnet18,2025-10-17T16:39:13.878724,8,2.553332805633545,2.6858177185058594,0.3059788942337036,0.00040539582493556844
resnet18,2025-10-17T16:39:13.878732,9,2.7961881160736084,2.7411892414093018,0.2778429090976715,0.00041213776247747555
resnet18,2025-10-17T16:39:13.878739,10,2.6431868076324463,2.574746608734131,0.3434935510158539,0.00042157116852280154
resnet18,2025-10-17T16:39:13.878746,11,2.4854249954223633,3.268059492111206,0.25205159187316895,0.00043369074013800457
resnet18,2025-10-17T16:39:13.878754,12,2.3104782104492188,2.0320472717285156,0.46072685718536377,0.00044848966437741994
resnet18,2025-10-17T16:39:13.878761,13,2.181044578552246,2.0260231494903564,0.46776083111763,0.000465959622113115
resnet18,2025-10-17T16:39:13.878768,14,2.098325729370117,1.9197732210159302,0.48534584045410156,0.0004860907927114399
resnet18,2025-10-17T16:39:13.878775,15,2.021930456161499,1.9180831909179688,0.4994138479232788,0.0005088718595536379
resnet18,2025-10-17T16:39:13.878781,16,1.979769229888916,1.881554126739502,0.49824151396751404,0.00012
resnet18,2025-10-17T16:39:13.878787,17,1.9782568216323853,1.906799554824829,0.4923798441886902,0.0001201011894931285
resnet18,2025-10-17T16:39:13.878795,18,1.9684737920761108,1.8879867792129517,0.5005861520767212,0.00012040474375124548
resnet18,2025-10-17T16:39:13.878802,19,2.004056930541992,1.9789998531341553,0.47010549902915955,0.00012091062011254312
resnet18,2025-10-17T16:39:13.878809,20,1.989960789680481,2.0944089889526367,0.44900351762771606,0.00012161874748067053
resnet18,2025-10-17T16:39:13.878816,21,1.9585392475128174,2.323638916015625,0.3798358738422394,0.00012252902633472595
resnet18,2025-10-17T16:39:13.878823,22,1.8800610303878784,1.8632795810699463,0.516998827457428,0.00012364132874324266
resnet18,2025-10-17T16:39:13.878830,23,1.8351259231567383,2.0084731578826904,0.4759671688079834,0.00012495549838216954
resnet18,2025-10-17T16:39:13.878837,24,1.7819772958755493,1.724759578704834,0.5287221670150757,0.00012647135055684046
resnet18,2025-10-17T16:39:13.878844,25,1.7053008079528809,1.8050848245620728,0.5099648237228394,0.00012818867222793133
resnet18,2025-10-17T16:39:13.878850,26,1.6560540199279785,1.6970335245132446,0.5498241782188416,0.00013010722204140137
resnet18,2025-10-17T16:39:13.878857,27,1.6308726072311401,1.7966399192810059,0.5345838069915771,0.00013222673036241295
resnet18,2025-10-17T16:39:13.878864,28,1.5755267143249512,1.5925076007843018,0.5720984935760498,0.00013454689931322598
resnet18,2025-10-17T16:39:13.878870,29,1.5295615196228027,1.6474053859710693,0.5627198219299316,0.00013706740281506274
resnet18,2025-10-17T16:39:13.878877,30,1.4612257480621338,1.5191450119018555,0.5955451130867004,0.00013978788663393448
resnet18,2025-10-17T16:39:13.878883,31,1.4462085962295532,1.545772910118103,0.5908557772636414,0.0001427079684304264
resnet18,2025-10-17T16:39:13.878889,32,1.4118719100952148,1.5352723598480225,0.5955451130867004,0.00014582723781343196
resnet18,2025-10-17T16:39:13.878896,33,1.4113439321517944,1.5200872421264648,0.6049237847328186,0.00014914525639782902
resnet18,2025-10-17T16:39:13.878904,34,1.3621021509170532,1.472093105316162,0.6060961484909058,0.00015266155786609138
resnet18,2025-10-17T16:39:13.878912,35,1.384716272354126,1.4921367168426514,0.6236811280250549,0.00015637564803382597
resnet18,2025-10-17T16:39:13.878919,36,1.368028163909912,1.5209881067276,0.5849941372871399,4e-05
resnet18,2025-10-17T16:39:13.878926,37,1.4010823965072632,1.5704121589660645,0.5967174768447876,4.003372983104283e-05
resnet18,2025-10-17T16:39:13.878933,38,1.3788930177688599,1.4939335584640503,0.6002344489097595,4.0134914583748496e-05
resnet18,2025-10-17T16:39:13.878939,39,1.3845698833465576,1.5422463417053223,0.586166501045227,4.030354003751438e-05
resnet18,2025-10-17T16:39:13.878946,40,1.3992189168930054,1.451181411743164,0.6107854843139648,4.053958249355685e-05
resnet18,2025-10-17T16:39:13.878953,41,1.376983880996704,1.5534554719924927,0.5873388051986694,4.084300877824198e-05
resnet18,2025-10-17T16:39:13.878959,42,1.3644697666168213,1.5645216703414917,0.5885111093521118,4.121377624774756e-05
resnet18,2025-10-17T16:39:13.878965,43,1.3346213102340698,1.5026198625564575,0.6084408164024353,4.165183279405652e-05
resnet18,2025-10-17T16:39:13.878972,44,1.3308212757110596,1.5560147762298584,0.589683473110199,4.2157116852280154e-05
resnet18,2025-10-17T16:39:13.878978,45,1.3012750148773193,1.4974088668823242,0.5955451130867004,4.2729557409310444e-05
resnet18,2025-10-17T16:39:13.878985,46,1.304327130317688,1.52033269405365,0.5967174768447876,4.336907401380046e-05
resnet18,2025-10-17T16:39:13.878991,47,1.2810895442962646,1.409729242324829,0.6213364601135254,4.407557678747099e-05
resnet18,2025-10-17T16:39:13.878999,48,1.278531789779663,1.4333959817886353,0.6377491354942322,4.4848966437741996e-05
resnet18,2025-10-17T16:39:13.879006,49,1.2420880794525146,1.4181149005889893,0.6260257959365845,4.5689134271687575e-05
resnet18,2025-10-17T16:39:13.879012,50,1.239324688911438,1.40511953830719,0.6424384713172913,4.65959622113115e-05
resnet18,2025-10-17T16:39:13.879019,51,1.1999856233596802,1.423351526260376,0.6354044675827026,4.756932281014214e-05
resnet18,2025-10-17T16:39:13.879026,52,1.203752875328064,1.3482282161712646,0.6553341150283813,4.860907927114399e-05
resnet18,2025-10-17T16:39:13.879033,53,1.2002581357955933,1.4188176393508911,0.636576771736145,4.9715085465943006e-05
resnet18,2025-10-17T16:39:13.879039,54,1.218826174736023,1.3919962644577026,0.6471278071403503,5.0887185955363794e-05
resnet18,2025-10-17T16:39:13.879046,55,1.2020738124847412,1.4089860916137695,0.6459554433822632,5.212521601127533e-05
deit_tiny_patch16_224,2025-10-17T16:49:54.079625,1,6.476572036743164,8.207596778869629,0.015240328386425972,0.004
deit_tiny_patch16_224,2025-10-17T16:49:54.079709,2,5.709690093994141,51.8278923034668,0.022274326533079147,0.004053958249355684
deit_tiny_patch16_224,2025-10-17T16:49:54.079729,3,5.2652997970581055,4.756015777587891,0.022274326533079147,0.004215711685228015
deit_tiny_patch16_224,2025-10-17T16:49:54.079745,4,4.798640251159668,4.285379409790039,0.029308322817087173,0.004484896643774199
deit_tiny_patch16_224,2025-10-17T16:49:54.079757,5,4.431691646575928,4.023344039916992,0.05392731353640556,0.0048609079271143985
deit_tiny_patch16_224,2025-10-17T16:49:54.079772,6,4.140579700469971,4.005815505981445,0.06330598145723343,0.0004
deit_tiny_patch16_224,2025-10-17T16:49:54.079786,7,4.130694389343262,3.986081600189209,0.043376319110393524,0.00040134914583748495
deit_tiny_patch16_224,2025-10-17T16:49:54.079799,8,4.141345024108887,3.967336654663086,0.06213364750146866,0.00040539582493556844
deit_tiny_patch16_224,2025-10-17T16:49:54.079810,9,4.159550189971924,4.102852821350098,0.057444315403699875,0.00041213776247747555
deit_tiny_patch16_224,2025-10-17T16:49:54.079821,10,4.128643035888672,4.136816501617432,0.03868698701262474,0.00042157116852280154
deit_tiny_patch16_224,2025-10-17T16:49:54.079834,11,4.083827018737793,3.9318044185638428,0.06096131354570389,0.00043369074013800457
deit_tiny_patch16_224,2025-10-17T16:49:54.079844,12,4.023843765258789,3.8758840560913086,0.06799530982971191,0.00044848966437741994
deit_tiny_patch16_224,2025-10-17T16:49:54.079855,13,3.9955286979675293,3.847567319869995,0.07385697215795517,0.000465959622113115
deit_tiny_patch16_224,2025-10-17T16:49:54.079869,14,3.967423439025879,3.8132741451263428,0.08323563635349274,0.0004860907927114399
deit_tiny_patch16_224,2025-10-17T16:49:54.079882,15,3.942486524581909,3.802579164505005,0.08206330239772797,0.0005088718595536379
deit_tiny_patch16_224,2025-10-17T16:49:54.079893,16,3.923313617706299,3.801168441772461,0.07971864193677902,0.00012
deit_tiny_patch16_224,2025-10-17T16:49:54.079903,17,3.9252865314483643,3.82265567779541,0.06916764378547668,0.0001201011894931285
deit_tiny_patch16_224,2025-10-17T16:49:54.079914,18,3.9233405590057373,3.8739452362060547,0.06565064191818237,0.00012040474375124548
deit_tiny_patch16_224,2025-10-17T16:49:54.079924,19,3.9306836128234863,3.8368101119995117,0.07033997774124146,0.00012091062011254312
deit_tiny_patch16_224,2025-10-17T16:49:54.079932,20,3.927680730819702,3.874049186706543,0.057444315403699875,0.00012161874748067053
deit_tiny_patch16_224,2025-10-17T16:49:54.079943,21,3.915022134780884,3.7630908489227295,0.07737397402524948,0.00012252902633472595
deit_tiny_patch16_224,2025-10-17T16:49:54.079955,22,3.8866379261016846,3.751065492630005,0.08206330239772797,0.00012364132874324266
deit_tiny_patch16_224,2025-10-17T16:49:54.079964,23,3.8538119792938232,3.721907138824463,0.08440797030925751,0.00012495549838216954
deit_tiny_patch16_224,2025-10-17T16:49:54.079974,24,3.8140788078308105,3.6970224380493164,0.10199296474456787,0.00012647135055684046
deit_tiny_patch16_224,2025-10-17T16:49:54.079984,25,3.802161931991577,3.7902472019195557,0.09144196659326553,0.00012818867222793133
deit_tiny_patch16_224,2025-10-17T16:49:54.079995,26,3.7642595767974854,3.63749098777771,0.09964829683303833,0.00013010722204140137
deit_tiny_patch16_224,2025-10-17T16:49:54.080006,27,3.7613072395324707,3.6808629035949707,0.1008206307888031,0.00013222673036241295
deit_tiny_patch16_224,2025-10-17T16:49:54.080018,28,3.753896474838257,3.654588222503662,0.09964829683303833,0.00013454689931322598
deit_tiny_patch16_224,2025-10-17T16:49:54.080025,29,3.7276103496551514,3.6344363689422607,0.1090269610285759,0.00013706740281506274
deit_tiny_patch16_224,2025-10-17T16:49:54.080033,30,3.7417256832122803,3.6720261573791504,0.09847597032785416,0.00013978788663393448
deit_tiny_patch16_224,2025-10-17T16:49:54.080040,31,3.7259435653686523,3.6191086769104004,0.11371629685163498,0.0001427079684304264
deit_tiny_patch16_224,2025-10-17T16:49:54.080047,32,3.7100706100463867,3.604799509048462,0.11254396289587021,0.00014582723781343196
deit_tiny_patch16_224,2025-10-17T16:49:54.080056,33,3.703953504562378,3.6117396354675293,0.1172332912683487,0.00014914525639782902
deit_tiny_patch16_224,2025-10-17T16:49:54.080067,34,3.6946780681610107,3.6441097259521484,0.10550996661186218,0.00015266155786609138
deit_tiny_patch16_224,2025-10-17T16:49:54.080078,35,3.694481611251831,3.6031241416931152,0.11254396289587021,0.00015637564803382597
deit_tiny_patch16_224,2025-10-17T16:49:54.080092,36,3.6832165718078613,3.5973451137542725,0.12309496104717255,4e-05
deit_tiny_patch16_224,2025-10-17T16:49:54.080104,37,3.704606771469116,3.5856447219848633,0.1090269610285759,4.003372983104283e-05
deit_tiny_patch16_224,2025-10-17T16:49:54.080116,38,3.6880276203155518,3.6371023654937744,0.11488863080739975,4.0134914583748496e-05
deit_tiny_patch16_224,2025-10-17T16:49:54.080129,39,3.687027931213379,3.606544017791748,0.11488863080739975,4.030354003751438e-05
deit_tiny_patch16_224,2025-10-17T16:49:54.080140,40,3.6801533699035645,3.612208604812622,0.10668230056762695,4.053958249355685e-05
deit_tiny_patch16_224,2025-10-17T16:49:54.080152,41,3.68965744972229,3.584750175476074,0.11137162894010544,4.084300877824198e-05
deit_tiny_patch16_224,2025-10-17T16:49:54.080164,42,3.677349805831909,3.623595714569092,0.11019929498434067,4.121377624774756e-05
deit_tiny_patch16_224,2025-10-17T16:49:54.080176,43,3.6711082458496094,3.551710367202759,0.11137162894010544,4.165183279405652e-05
deit_tiny_patch16_224,2025-10-17T16:49:54.080185,44,3.6454029083251953,3.543153762817383,0.11019929498434067,4.2157116852280154e-05
deit_tiny_patch16_224,2025-10-17T16:49:54.080196,45,3.639403820037842,3.587238073348999,0.1008206307888031,4.2729557409310444e-05
deit_tiny_patch16_224,2025-10-17T16:49:54.080208,46,3.627237558364868,3.546231508255005,0.10199296474456787,4.336907401380046e-05
deit_tiny_patch16_224,2025-10-17T16:49:54.080217,47,3.6184427738189697,3.555438280105591,0.120750293135643,4.407557678747099e-05
deit_tiny_patch16_224,2025-10-17T16:49:54.080225,48,3.629673480987549,3.5717661380767822,0.1172332912683487,4.4848966437741996e-05
deit_tiny_patch16_224,2025-10-17T16:49:54.080235,49,3.606066942214966,3.5473949909210205,0.11606096476316452,4.5689134271687575e-05
deit_tiny_patch16_224,2025-10-17T16:49:54.080249,50,3.597214937210083,3.5475847721099854,0.11606096476316452,4.65959622113115e-05
deit_tiny_patch16_224,2025-10-17T16:49:54.080261,51,3.622191905975342,3.5402562618255615,0.1172332912683487,4.756932281014214e-05
deit_tiny_patch16_224,2025-10-17T16:49:54.080273,52,3.617300271987915,3.531660318374634,0.11488863080739975,4.860907927114399e-05
deit_tiny_patch16_224,2025-10-17T16:49:54.080284,53,3.615718364715576,3.5758519172668457,0.1172332912683487,4.9715085465943006e-05
deit_tiny_patch16_224,2025-10-17T16:49:54.080297,54,3.6210732460021973,3.559537649154663,0.10785462707281113,5.0887185955363794e-05
deit_tiny_patch16_224,2025-10-17T16:49:54.080307,55,3.6248834133148193,3.524092435836792,0.11840562522411346,5.212521601127533e-05
