Class,Total_Samples,Correct,Incorrect,Accuracy,Precision,Recall,F1_Score,model
Bark,10,10,0,1.0,0.9090909090909091,1.0,0.9523809523809523,"2_layers_[200, 100]"
Hi-hat,6,6,0,1.0,1.0,1.0,1.0,"2_layers_[200, 100]"
Accordion,5,5,0,1.0,1.0,1.0,1.0,"2_layers_[200, 100]"
Toilet_flush,13,13,0,1.0,0.8666666666666667,1.0,0.9285714285714286,"2_layers_[200, 100]"
Bass_guitar,12,11,1,0.9166666666666666,0.9166666666666666,0.9166666666666666,0.9166666666666666,"2_layers_[200, 100]"
Gong,10,9,1,0.9,0.75,0.9,0.8181818181818182,"2_layers_[200, 100]"
Female_singing,10,9,1,0.9,0.75,0.9,0.8181818181818182,"2_layers_[200, 100]"
Drawer_open_or_close,10,9,1,0.9,0.8181818181818182,0.9,0.8571428571428572,"2_layers_[200, 100]"
Skateboard,7,6,1,0.8571428571428571,1.0,0.8571428571428571,0.923076923076923,"2_layers_[200, 100]"
Male_singing,7,6,1,0.8571428571428571,0.6666666666666666,0.8571428571428571,0.75,"2_layers_[200, 100]"
Computer_keyboard,13,11,2,0.8461538461538461,1.0,0.8461538461538461,0.9166666666666666,"2_layers_[200, 100]"
Harmonica,13,11,2,0.8461538461538461,0.9166666666666666,0.8461538461538461,0.8799999999999999,"2_layers_[200, 100]"
Frying_(food),12,10,2,0.8333333333333334,0.625,0.8333333333333334,0.7142857142857143,"2_layers_[200, 100]"
Bicycle_bell,12,10,2,0.8333333333333334,0.7142857142857143,0.8333333333333334,0.7692307692307692,"2_layers_[200, 100]"
Purr,10,8,2,0.8,0.7272727272727273,0.8,0.761904761904762,"2_layers_[200, 100]"
Chink_and_clink,5,4,1,0.8,0.5714285714285714,0.8,0.6666666666666666,"2_layers_[200, 100]"
Bass_drum,5,4,1,0.8,0.8,0.8,0.8000000000000002,"2_layers_[200, 100]"
Meow,5,4,1,0.8,0.5714285714285714,0.8,0.6666666666666666,"2_layers_[200, 100]"
Buzz,9,7,2,0.7777777777777778,1.0,0.7777777777777778,0.8750000000000001,"2_layers_[200, 100]"
Chirp_and_tweet,9,7,2,0.7777777777777778,0.5384615384615384,0.7777777777777778,0.6363636363636364,"2_layers_[200, 100]"
Female_speech_and_woman_speaking,4,3,1,0.75,0.75,0.75,0.75,"2_layers_[200, 100]"
Gasp,4,3,1,0.75,0.5,0.75,0.6,"2_layers_[200, 100]"
Car_passing_by,12,9,3,0.75,0.5,0.75,0.6,"2_layers_[200, 100]"
Shatter,8,6,2,0.75,0.5454545454545454,0.75,0.631578947368421,"2_layers_[200, 100]"
Church_bell,15,11,4,0.7333333333333333,0.6875,0.7333333333333333,0.7096774193548386,"2_layers_[200, 100]"
Glockenspiel,11,8,3,0.7272727272727273,0.6666666666666666,0.7272727272727273,0.6956521739130435,"2_layers_[200, 100]"
Tick-tock,14,10,4,0.7142857142857143,0.625,0.7142857142857143,0.6666666666666666,"2_layers_[200, 100]"
Sigh,7,5,2,0.7142857142857143,1.0,0.7142857142857143,0.8333333333333333,"2_layers_[200, 100]"
Waves_and_surf,14,10,4,0.7142857142857143,0.6666666666666666,0.7142857142857143,0.689655172413793,"2_layers_[200, 100]"
Stream,14,10,4,0.7142857142857143,0.625,0.7142857142857143,0.6666666666666666,"2_layers_[200, 100]"
Printer,9,6,3,0.6666666666666666,0.5,0.6666666666666666,0.5714285714285715,"2_layers_[200, 100]"
Knock,9,6,3,0.6666666666666666,0.46153846153846156,0.6666666666666666,0.5454545454545455,"2_layers_[200, 100]"
Fart,6,4,2,0.6666666666666666,0.4444444444444444,0.6666666666666666,0.5333333333333333,"2_layers_[200, 100]"
Gurgling,6,4,2,0.6666666666666666,0.6666666666666666,0.6666666666666666,0.6666666666666666,"2_layers_[200, 100]"
Bathtub_(filling_or_washing),11,7,4,0.6363636363636364,0.7,0.6363636363636364,0.6666666666666666,"2_layers_[200, 100]"
Fill_(with_liquid),8,5,3,0.625,0.5,0.625,0.5555555555555556,"2_layers_[200, 100]"
Marimba_and_xylophone,8,5,3,0.625,0.8333333333333334,0.625,0.7142857142857143,"2_layers_[200, 100]"
Keys_jangling,10,6,4,0.6,0.75,0.6,0.6666666666666665,"2_layers_[200, 100]"
Burping_and_eructation,5,3,2,0.6,1.0,0.6,0.7499999999999999,"2_layers_[200, 100]"
Trickle_and_dribble,5,3,2,0.6,0.6,0.6,0.6,"2_layers_[200, 100]"
Male_speech_and_man_speaking,5,3,2,0.6,1.0,0.6,0.7499999999999999,"2_layers_[200, 100]"
Hiss,12,7,5,0.5833333333333334,0.4375,0.5833333333333334,0.5,"2_layers_[200, 100]"
Run,12,7,5,0.5833333333333334,0.5,0.5833333333333334,0.5384615384615384,"2_layers_[200, 100]"
Crackle,12,7,5,0.5833333333333334,0.5,0.5833333333333334,0.5384615384615384,"2_layers_[200, 100]"
Whispering,7,4,3,0.5714285714285714,0.5714285714285714,0.5714285714285714,0.5714285714285714,"2_layers_[200, 100]"
Writing,11,6,5,0.5454545454545454,0.5,0.5454545454545454,0.5217391304347826,"2_layers_[200, 100]"
Bus,14,7,7,0.5,0.5384615384615384,0.5,0.5185185185185186,"2_layers_[200, 100]"
Motorcycle,12,6,6,0.5,0.6,0.5,0.5454545454545454,"2_layers_[200, 100]"
Finger_snapping,4,2,2,0.5,1.0,0.5,0.6666666666666666,"2_layers_[200, 100]"
Scissors,11,5,6,0.45454545454545453,0.4166666666666667,0.45454545454545453,0.43478260869565216,"2_layers_[200, 100]"
Traffic_noise_and_roadway_noise,11,5,6,0.45454545454545453,0.625,0.45454545454545453,0.5263157894736842,"2_layers_[200, 100]"
Zipper_(clothing),11,5,6,0.45454545454545453,0.7142857142857143,0.45454545454545453,0.5555555555555556,"2_layers_[200, 100]"
Cricket,12,5,7,0.4166666666666667,0.4166666666666667,0.4166666666666667,0.4166666666666667,"2_layers_[200, 100]"
Mechanical_fan,10,4,6,0.4,0.5714285714285714,0.4,0.47058823529411764,"2_layers_[200, 100]"
Race_car_and_auto_racing,5,2,3,0.4,0.6666666666666666,0.4,0.5,"2_layers_[200, 100]"
Chewing_and_mastication,13,5,8,0.38461538461538464,0.625,0.38461538461538464,0.4761904761904762,"2_layers_[200, 100]"
Accelerating_and_revving_and_vroom,6,2,4,0.3333333333333333,0.3333333333333333,0.3333333333333333,0.3333333333333333,"2_layers_[200, 100]"
Microwave_oven,9,3,6,0.3333333333333333,0.375,0.3333333333333333,0.35294117647058826,"2_layers_[200, 100]"
Screaming,6,2,4,0.3333333333333333,0.5,0.3333333333333333,0.4,"2_layers_[200, 100]"
Child_speech_and_kid_speaking,3,1,2,0.3333333333333333,0.3333333333333333,0.3333333333333333,0.3333333333333333,"2_layers_[200, 100]"
Walk_and_footsteps,6,2,4,0.3333333333333333,0.6666666666666666,0.3333333333333333,0.4444444444444444,"2_layers_[200, 100]"
Clapping,3,1,2,0.3333333333333333,0.25,0.3333333333333333,0.28571428571428575,"2_layers_[200, 100]"
Sneeze,8,2,6,0.25,0.3333333333333333,0.25,0.28571428571428575,"2_layers_[200, 100]"
Electric_guitar,6,1,5,0.16666666666666666,0.3333333333333333,0.16666666666666666,0.2222222222222222,"2_layers_[200, 100]"
Yell,3,0,3,0.0,0.0,0.0,0.0,"2_layers_[200, 100]"
Acoustic_guitar,1,0,1,0.0,0.0,0.0,0.0,"2_layers_[200, 100]"
Raindrop,1,0,1,0.0,0.0,0.0,0.0,"2_layers_[200, 100]"
Crowd,1,0,1,0.0,0.0,0.0,0.0,"2_layers_[200, 100]"
Cupboard_open_or_close,4,0,4,0.0,0.0,0.0,0.0,"2_layers_[200, 100]"
Cutlery_and_silverware,2,0,2,0.0,0.0,0.0,0.0,"2_layers_[200, 100]"
Squeak,3,0,3,0.0,0.0,0.0,0.0,"2_layers_[200, 100]"
Slam,4,0,4,0.0,0.0,0.0,0.0,"2_layers_[200, 100]"
Drip,1,0,1,0.0,0.0,0.0,0.0,"2_layers_[200, 100]"
Tap,4,0,4,0.0,0.0,0.0,0.0,"2_layers_[200, 100]"
Harmonica,13,13,0,1.0,0.9285714285714286,1.0,0.962962962962963,"5_layers_[400, 300, 200, 150, 100]"
Bark,10,10,0,1.0,1.0,1.0,1.0,"5_layers_[400, 300, 200, 150, 100]"
Hi-hat,6,6,0,1.0,1.0,1.0,1.0,"5_layers_[400, 300, 200, 150, 100]"
Accordion,5,5,0,1.0,1.0,1.0,1.0,"5_layers_[400, 300, 200, 150, 100]"
Skateboard,7,7,0,1.0,1.0,1.0,1.0,"5_layers_[400, 300, 200, 150, 100]"
Toilet_flush,13,12,1,0.9230769230769231,0.8,0.9230769230769231,0.8571428571428571,"5_layers_[400, 300, 200, 150, 100]"
Bicycle_bell,12,11,1,0.9166666666666666,0.7857142857142857,0.9166666666666666,0.8461538461538461,"5_layers_[400, 300, 200, 150, 100]"
Gong,10,9,1,0.9,0.8181818181818182,0.9,0.8571428571428572,"5_layers_[400, 300, 200, 150, 100]"
Female_singing,10,9,1,0.9,0.6923076923076923,0.9,0.7826086956521738,"5_layers_[400, 300, 200, 150, 100]"
Male_singing,7,6,1,0.8571428571428571,0.6,0.8571428571428571,0.7058823529411764,"5_layers_[400, 300, 200, 150, 100]"
Sigh,7,6,1,0.8571428571428571,0.75,0.8571428571428571,0.7999999999999999,"5_layers_[400, 300, 200, 150, 100]"
Computer_keyboard,13,11,2,0.8461538461538461,0.8461538461538461,0.8461538461538461,0.8461538461538461,"5_layers_[400, 300, 200, 150, 100]"
Frying_(food),12,10,2,0.8333333333333334,0.5555555555555556,0.8333333333333334,0.6666666666666667,"5_layers_[400, 300, 200, 150, 100]"
Gurgling,6,5,1,0.8333333333333334,1.0,0.8333333333333334,0.9090909090909091,"5_layers_[400, 300, 200, 150, 100]"
Bass_guitar,12,10,2,0.8333333333333334,0.8333333333333334,0.8333333333333334,0.8333333333333334,"5_layers_[400, 300, 200, 150, 100]"
Glockenspiel,11,9,2,0.8181818181818182,0.6923076923076923,0.8181818181818182,0.7500000000000001,"5_layers_[400, 300, 200, 150, 100]"
Purr,10,8,2,0.8,0.8888888888888888,0.8,0.8421052631578948,"5_layers_[400, 300, 200, 150, 100]"
Chink_and_clink,5,4,1,0.8,0.8,0.8,0.8000000000000002,"5_layers_[400, 300, 200, 150, 100]"
Chirp_and_tweet,9,7,2,0.7777777777777778,0.4375,0.7777777777777778,0.56,"5_layers_[400, 300, 200, 150, 100]"
Knock,9,7,2,0.7777777777777778,0.4666666666666667,0.7777777777777778,0.5833333333333334,"5_layers_[400, 300, 200, 150, 100]"
Gasp,4,3,1,0.75,0.5,0.75,0.6,"5_layers_[400, 300, 200, 150, 100]"
Finger_snapping,4,3,1,0.75,1.0,0.75,0.8571428571428571,"5_layers_[400, 300, 200, 150, 100]"
Female_speech_and_woman_speaking,4,3,1,0.75,0.75,0.75,0.75,"5_layers_[400, 300, 200, 150, 100]"
Car_passing_by,12,9,3,0.75,0.6428571428571429,0.75,0.6923076923076924,"5_layers_[400, 300, 200, 150, 100]"
Shatter,8,6,2,0.75,0.6666666666666666,0.75,0.7058823529411765,"5_layers_[400, 300, 200, 150, 100]"
Church_bell,15,11,4,0.7333333333333333,0.7333333333333333,0.7333333333333333,0.7333333333333333,"5_layers_[400, 300, 200, 150, 100]"
Stream,14,10,4,0.7142857142857143,0.7142857142857143,0.7142857142857143,0.7142857142857143,"5_layers_[400, 300, 200, 150, 100]"
Tick-tock,14,10,4,0.7142857142857143,0.5555555555555556,0.7142857142857143,0.6250000000000001,"5_layers_[400, 300, 200, 150, 100]"
Drawer_open_or_close,10,7,3,0.7,0.7,0.7,0.7,"5_layers_[400, 300, 200, 150, 100]"
Buzz,9,6,3,0.6666666666666666,0.75,0.6666666666666666,0.7058823529411765,"5_layers_[400, 300, 200, 150, 100]"
Waves_and_surf,14,9,5,0.6428571428571429,0.8181818181818182,0.6428571428571429,0.7200000000000001,"5_layers_[400, 300, 200, 150, 100]"
Bus,14,9,5,0.6428571428571429,0.75,0.6428571428571429,0.6923076923076924,"5_layers_[400, 300, 200, 150, 100]"
Bathtub_(filling_or_washing),11,7,4,0.6363636363636364,0.7,0.6363636363636364,0.6666666666666666,"5_layers_[400, 300, 200, 150, 100]"
Writing,11,7,4,0.6363636363636364,0.6363636363636364,0.6363636363636364,0.6363636363636364,"5_layers_[400, 300, 200, 150, 100]"
Meow,5,3,2,0.6,0.6,0.6,0.6,"5_layers_[400, 300, 200, 150, 100]"
Race_car_and_auto_racing,5,3,2,0.6,0.75,0.6,0.6666666666666665,"5_layers_[400, 300, 200, 150, 100]"
Burping_and_eructation,5,3,2,0.6,1.0,0.6,0.7499999999999999,"5_layers_[400, 300, 200, 150, 100]"
Trickle_and_dribble,5,3,2,0.6,0.75,0.6,0.6666666666666665,"5_layers_[400, 300, 200, 150, 100]"
Crackle,12,7,5,0.5833333333333334,0.5384615384615384,0.5833333333333334,0.5599999999999999,"5_layers_[400, 300, 200, 150, 100]"
Motorcycle,12,7,5,0.5833333333333334,0.7,0.5833333333333334,0.6363636363636365,"5_layers_[400, 300, 200, 150, 100]"
Whispering,7,4,3,0.5714285714285714,0.8,0.5714285714285714,0.6666666666666666,"5_layers_[400, 300, 200, 150, 100]"
Traffic_noise_and_roadway_noise,11,6,5,0.5454545454545454,0.5,0.5454545454545454,0.5217391304347826,"5_layers_[400, 300, 200, 150, 100]"
Scissors,11,6,5,0.5454545454545454,0.4,0.5454545454545454,0.4615384615384615,"5_layers_[400, 300, 200, 150, 100]"
Fart,6,3,3,0.5,0.42857142857142855,0.5,0.4615384615384615,"5_layers_[400, 300, 200, 150, 100]"
Hiss,12,6,6,0.5,0.46153846153846156,0.5,0.48000000000000004,"5_layers_[400, 300, 200, 150, 100]"
Keys_jangling,10,5,5,0.5,0.5,0.5,0.5,"5_layers_[400, 300, 200, 150, 100]"
Electric_guitar,6,3,3,0.5,0.75,0.5,0.6,"5_layers_[400, 300, 200, 150, 100]"
Marimba_and_xylophone,8,4,4,0.5,0.6666666666666666,0.5,0.5714285714285715,"5_layers_[400, 300, 200, 150, 100]"
Mechanical_fan,10,5,5,0.5,0.35714285714285715,0.5,0.41666666666666663,"5_layers_[400, 300, 200, 150, 100]"
Fill_(with_liquid),8,4,4,0.5,0.3333333333333333,0.5,0.4,"5_layers_[400, 300, 200, 150, 100]"
Zipper_(clothing),11,5,6,0.45454545454545453,0.4166666666666667,0.45454545454545453,0.43478260869565216,"5_layers_[400, 300, 200, 150, 100]"
Printer,9,4,5,0.4444444444444444,0.4,0.4444444444444444,0.4210526315789474,"5_layers_[400, 300, 200, 150, 100]"
Run,12,5,7,0.4166666666666667,0.5555555555555556,0.4166666666666667,0.4761904761904762,"5_layers_[400, 300, 200, 150, 100]"
Cricket,12,5,7,0.4166666666666667,0.45454545454545453,0.4166666666666667,0.43478260869565216,"5_layers_[400, 300, 200, 150, 100]"
Bass_drum,5,2,3,0.4,0.5,0.4,0.4444444444444445,"5_layers_[400, 300, 200, 150, 100]"
Male_speech_and_man_speaking,5,2,3,0.4,0.6666666666666666,0.4,0.5,"5_layers_[400, 300, 200, 150, 100]"
Squeak,3,1,2,0.3333333333333333,0.3333333333333333,0.3333333333333333,0.3333333333333333,"5_layers_[400, 300, 200, 150, 100]"
Child_speech_and_kid_speaking,3,1,2,0.3333333333333333,0.3333333333333333,0.3333333333333333,0.3333333333333333,"5_layers_[400, 300, 200, 150, 100]"
Clapping,3,1,2,0.3333333333333333,0.5,0.3333333333333333,0.4,"5_layers_[400, 300, 200, 150, 100]"
Accelerating_and_revving_and_vroom,6,2,4,0.3333333333333333,0.6666666666666666,0.3333333333333333,0.4444444444444444,"5_layers_[400, 300, 200, 150, 100]"
Chewing_and_mastication,13,4,9,0.3076923076923077,0.4444444444444444,0.3076923076923077,0.3636363636363637,"5_layers_[400, 300, 200, 150, 100]"
Sneeze,8,2,6,0.25,0.4,0.25,0.3076923076923077,"5_layers_[400, 300, 200, 150, 100]"
Walk_and_footsteps,6,1,5,0.16666666666666666,0.25,0.16666666666666666,0.2,"5_layers_[400, 300, 200, 150, 100]"
Microwave_oven,9,1,8,0.1111111111111111,0.16666666666666666,0.1111111111111111,0.13333333333333333,"5_layers_[400, 300, 200, 150, 100]"
Slam,4,0,4,0.0,0.0,0.0,0.0,"5_layers_[400, 300, 200, 150, 100]"
Raindrop,1,0,1,0.0,0.0,0.0,0.0,"5_layers_[400, 300, 200, 150, 100]"
Tap,4,0,4,0.0,0.0,0.0,0.0,"5_layers_[400, 300, 200, 150, 100]"
Crowd,1,0,1,0.0,0.0,0.0,0.0,"5_layers_[400, 300, 200, 150, 100]"
Cutlery_and_silverware,2,0,2,0.0,0.0,0.0,0.0,"5_layers_[400, 300, 200, 150, 100]"
Drip,1,0,1,0.0,0.0,0.0,0.0,"5_layers_[400, 300, 200, 150, 100]"
Screaming,6,0,6,0.0,0.0,0.0,0.0,"5_layers_[400, 300, 200, 150, 100]"
Acoustic_guitar,1,0,1,0.0,0.0,0.0,0.0,"5_layers_[400, 300, 200, 150, 100]"
Yell,3,0,3,0.0,0.0,0.0,0.0,"5_layers_[400, 300, 200, 150, 100]"
Cupboard_open_or_close,4,0,4,0.0,0.0,0.0,0.0,"5_layers_[400, 300, 200, 150, 100]"
Bark,10,10,0,1.0,0.9090909090909091,1.0,0.9523809523809523,"2_layers_[512, 256]"
Skateboard,7,7,0,1.0,0.875,1.0,0.9333333333333333,"2_layers_[512, 256]"
Hi-hat,6,6,0,1.0,0.8571428571428571,1.0,0.923076923076923,"2_layers_[512, 256]"
Female_speech_and_woman_speaking,4,4,0,1.0,0.6666666666666666,1.0,0.8,"2_layers_[512, 256]"
Drawer_open_or_close,10,10,0,1.0,0.8333333333333334,1.0,0.9090909090909091,"2_layers_[512, 256]"
Crowd,1,1,0,1.0,1.0,1.0,1.0,"2_layers_[512, 256]"
Harmonica,13,12,1,0.9230769230769231,0.8571428571428571,0.9230769230769231,0.888888888888889,"2_layers_[512, 256]"
Toilet_flush,13,12,1,0.9230769230769231,0.8571428571428571,0.9230769230769231,0.888888888888889,"2_layers_[512, 256]"
Bass_guitar,12,11,1,0.9166666666666666,0.8461538461538461,0.9166666666666666,0.8799999999999999,"2_layers_[512, 256]"
Gong,10,9,1,0.9,0.6428571428571429,0.9,0.75,"2_layers_[512, 256]"
Female_singing,10,9,1,0.9,0.8181818181818182,0.9,0.8571428571428572,"2_layers_[512, 256]"
Chirp_and_tweet,9,8,1,0.8888888888888888,0.42105263157894735,0.8888888888888888,0.5714285714285714,"2_layers_[512, 256]"
Male_singing,7,6,1,0.8571428571428571,0.6666666666666666,0.8571428571428571,0.75,"2_layers_[512, 256]"
Computer_keyboard,13,11,2,0.8461538461538461,0.9166666666666666,0.8461538461538461,0.8799999999999999,"2_layers_[512, 256]"
Bicycle_bell,12,10,2,0.8333333333333334,0.625,0.8333333333333334,0.7142857142857143,"2_layers_[512, 256]"
Glockenspiel,11,9,2,0.8181818181818182,0.6923076923076923,0.8181818181818182,0.7500000000000001,"2_layers_[512, 256]"
Zipper_(clothing),11,9,2,0.8181818181818182,0.6428571428571429,0.8181818181818182,0.7200000000000001,"2_layers_[512, 256]"
Accordion,5,4,1,0.8,0.8,0.8,0.8000000000000002,"2_layers_[512, 256]"
Purr,10,8,2,0.8,1.0,0.8,0.888888888888889,"2_layers_[512, 256]"
Chink_and_clink,5,4,1,0.8,0.5714285714285714,0.8,0.6666666666666666,"2_layers_[512, 256]"
Stream,14,11,3,0.7857142857142857,0.6875,0.7857142857142857,0.7333333333333334,"2_layers_[512, 256]"
Tick-tock,14,11,3,0.7857142857142857,0.6111111111111112,0.7857142857142857,0.6875000000000001,"2_layers_[512, 256]"
Car_passing_by,12,9,3,0.75,0.45,0.75,0.5625000000000001,"2_layers_[512, 256]"
Gasp,4,3,1,0.75,0.6,0.75,0.6666666666666665,"2_layers_[512, 256]"
Frying_(food),12,9,3,0.75,0.6,0.75,0.6666666666666665,"2_layers_[512, 256]"
Shatter,8,6,2,0.75,0.75,0.75,0.75,"2_layers_[512, 256]"
Church_bell,15,11,4,0.7333333333333333,0.7857142857142857,0.7333333333333333,0.7586206896551724,"2_layers_[512, 256]"
Bathtub_(filling_or_washing),11,8,3,0.7272727272727273,0.7272727272727273,0.7272727272727273,0.7272727272727273,"2_layers_[512, 256]"
Sigh,7,5,2,0.7142857142857143,0.7142857142857143,0.7142857142857143,0.7142857142857143,"2_layers_[512, 256]"
Knock,9,6,3,0.6666666666666666,0.35294117647058826,0.6666666666666666,0.46153846153846156,"2_layers_[512, 256]"
Run,12,8,4,0.6666666666666666,0.5,0.6666666666666666,0.5714285714285715,"2_layers_[512, 256]"
Buzz,9,6,3,0.6666666666666666,1.0,0.6666666666666666,0.8,"2_layers_[512, 256]"
Gurgling,6,4,2,0.6666666666666666,0.8,0.6666666666666666,0.7272727272727272,"2_layers_[512, 256]"
Fart,6,4,2,0.6666666666666666,0.5714285714285714,0.6666666666666666,0.6153846153846153,"2_layers_[512, 256]"
Waves_and_surf,14,9,5,0.6428571428571429,0.8181818181818182,0.6428571428571429,0.7200000000000001,"2_layers_[512, 256]"
Bus,14,9,5,0.6428571428571429,0.5625,0.6428571428571429,0.6000000000000001,"2_layers_[512, 256]"
Traffic_noise_and_roadway_noise,11,7,4,0.6363636363636364,0.5833333333333334,0.6363636363636364,0.6086956521739131,"2_layers_[512, 256]"
Fill_(with_liquid),8,5,3,0.625,0.5,0.625,0.5555555555555556,"2_layers_[512, 256]"
Bass_drum,5,3,2,0.6,0.6,0.6,0.6,"2_layers_[512, 256]"
Race_car_and_auto_racing,5,3,2,0.6,1.0,0.6,0.7499999999999999,"2_layers_[512, 256]"
Meow,5,3,2,0.6,0.6,0.6,0.6,"2_layers_[512, 256]"
Male_speech_and_man_speaking,5,3,2,0.6,1.0,0.6,0.7499999999999999,"2_layers_[512, 256]"
Trickle_and_dribble,5,3,2,0.6,0.75,0.6,0.6666666666666665,"2_layers_[512, 256]"
Burping_and_eructation,5,3,2,0.6,1.0,0.6,0.7499999999999999,"2_layers_[512, 256]"
Hiss,12,7,5,0.5833333333333334,0.5384615384615384,0.5833333333333334,0.5599999999999999,"2_layers_[512, 256]"
Crackle,12,7,5,0.5833333333333334,0.7,0.5833333333333334,0.6363636363636365,"2_layers_[512, 256]"
Printer,9,5,4,0.5555555555555556,0.45454545454545453,0.5555555555555556,0.5,"2_layers_[512, 256]"
Keys_jangling,10,5,5,0.5,0.5,0.5,0.5,"2_layers_[512, 256]"
Motorcycle,12,6,6,0.5,0.6,0.5,0.5454545454545454,"2_layers_[512, 256]"
Finger_snapping,4,2,2,0.5,1.0,0.5,0.6666666666666666,"2_layers_[512, 256]"
Writing,11,5,6,0.45454545454545453,0.7142857142857143,0.45454545454545453,0.5555555555555556,"2_layers_[512, 256]"
Whispering,7,3,4,0.42857142857142855,0.5,0.42857142857142855,0.4615384615384615,"2_layers_[512, 256]"
Cricket,12,5,7,0.4166666666666667,0.5555555555555556,0.4166666666666667,0.4761904761904762,"2_layers_[512, 256]"
Mechanical_fan,10,4,6,0.4,0.5714285714285714,0.4,0.47058823529411764,"2_layers_[512, 256]"
Marimba_and_xylophone,8,3,5,0.375,0.75,0.375,0.5,"2_layers_[512, 256]"
Scissors,11,4,7,0.36363636363636365,0.36363636363636365,0.36363636363636365,0.36363636363636365,"2_layers_[512, 256]"
Walk_and_footsteps,6,2,4,0.3333333333333333,1.0,0.3333333333333333,0.5,"2_layers_[512, 256]"
Clapping,3,1,2,0.3333333333333333,0.5,0.3333333333333333,0.4,"2_layers_[512, 256]"
Screaming,6,2,4,0.3333333333333333,0.5,0.3333333333333333,0.4,"2_layers_[512, 256]"
Electric_guitar,6,2,4,0.3333333333333333,0.6666666666666666,0.3333333333333333,0.4444444444444444,"2_layers_[512, 256]"
Child_speech_and_kid_speaking,3,1,2,0.3333333333333333,0.3333333333333333,0.3333333333333333,0.3333333333333333,"2_layers_[512, 256]"
Accelerating_and_revving_and_vroom,6,2,4,0.3333333333333333,0.3333333333333333,0.3333333333333333,0.3333333333333333,"2_layers_[512, 256]"
Chewing_and_mastication,13,4,9,0.3076923076923077,0.4444444444444444,0.3076923076923077,0.3636363636363637,"2_layers_[512, 256]"
Sneeze,8,2,6,0.25,0.3333333333333333,0.25,0.28571428571428575,"2_layers_[512, 256]"
Cupboard_open_or_close,4,1,3,0.25,0.5,0.25,0.3333333333333333,"2_layers_[512, 256]"
Microwave_oven,9,2,7,0.2222222222222222,0.5,0.2222222222222222,0.30769230769230765,"2_layers_[512, 256]"
Slam,4,0,4,0.0,0.0,0.0,0.0,"2_layers_[512, 256]"
Squeak,3,0,3,0.0,0.0,0.0,0.0,"2_layers_[512, 256]"
Raindrop,1,0,1,0.0,0.0,0.0,0.0,"2_layers_[512, 256]"
Tap,4,0,4,0.0,0.0,0.0,0.0,"2_layers_[512, 256]"
Acoustic_guitar,1,0,1,0.0,0.0,0.0,0.0,"2_layers_[512, 256]"
Drip,1,0,1,0.0,0.0,0.0,0.0,"2_layers_[512, 256]"
Cutlery_and_silverware,2,0,2,0.0,0.0,0.0,0.0,"2_layers_[512, 256]"
Yell,3,0,3,0.0,0.0,0.0,0.0,"2_layers_[512, 256]"
